Sample,Host_species,LPh1,LPh2,LPh3,LPh4,LPh5,LPh6,LPh7
PMas_05c,Lobaria immixta,225,170,402,195,138,140,176
PMas_05d,Lobaria immixta,246,162,402,193,136,151,160
PMas_05e,Lobaria immixta,250,176,402,191,136,133,173
PMas_05f,Lobaria immixta,248,174,402,199,136,130,160
PMas_05g,Lobaria immixta,248,174,402,199,136,130,160
PMas_05l,Lobaria immixta,229,162,402,193,136,147,143
PMas_06b,Lobaria immixta,252,165,402,199,136,133,154
PMas_06c,Lobaria immixta,250,176,402,191,136,133,173
PMas_06d,Lobaria immixta,250,176,402,191,136,133,173
PMas_06e,Lobaria immixta,250,176,402,191,136,133,173
PMas_06f,Lobaria immixta,252,165,402,199,136,133,154
PMas_06g,Lobaria immixta,252,165,402,199,136,133,154
PMas_27a,Lobaria immixta,248,162,402,195,136,147,157
PMas_07a,Lobaria immixta,244,172,402,183,136,130,160
PMas_07b,Lobaria immixta,223,162,402,195,136,147,160
PMas_07c,Lobaria immixta,225,170,402,195,138,147,160
PMas_07d,Lobaria immixta,225,170,402,193,146,147,163
PMas_08a,Lobaria immixta,244,161,402,197,136,133,147
PMas_08b,Lobaria immixta,244,161,402,197,136,133,147
PMas_08e,Lobaria immixta,244,161,402,197,136,133,147
PMas_08f,Lobaria immixta,244,161,402,197,136,133,147
PMas_05b,Lobaria immixta,250,176,402,191,136,133,173
PMas_27b,Lobaria immixta,248,162,402,195,136,147,157
PMas_27c,Lobaria immixta,248,162,402,195,136,147,157
PMas_27d,Lobaria immixta,248,162,402,195,136,147,157
PMas_27e,Lobaria immixta,233,162,402,201,136,147,154
PMas_27f,Lobaria immixta,233,162,402,201,136,147,154
PMas_27g,Lobaria immixta,237,162,402,195,136,147,154
PMas_27h,Lobaria immixta,248,162,402,195,136,147,157
PMas_27i,Lobaria immixta,242,162,402,197,136,147,160
10_BoxVova19,Lobaria immixta,235,162,402,195,136,147,160
11_BoxVova19,Lobaria immixta,242,161,402,195,136,133,147
6_BoxVova19,Lobaria immixta,225,168,402,193,146,147,160
7_BoxVova19,Lobaria immixta,225,168,402,193,146,147,160
8_BoxVova19,Lobaria immixta,235,162,402,195,136,147,160
9_BoxVova19,Lobaria immixta,242,161,402,195,136,133,147
PMas_22a,Lobaria immixta,242,161,402,195,136,133,147
PMas_22b,Lobaria immixta,242,161,402,195,136,133,147
PMas_22c,Lobaria immixta,242,161,402,195,136,133,147
PMas_22d,Lobaria immixta,242,161,402,195,136,133,147
PMas_22e,Lobaria immixta,242,161,402,195,136,133,147
PMas_22f,Lobaria immixta,235,162,402,195,136,147,160
PMas_22g,Lobaria immixta,235,162,402,195,136,147,160
PMas_22h,Lobaria immixta,235,162,402,195,136,147,160
PMas_22i,Lobaria immixta,225,168,402,193,146,147,160
PMas_22j,Lobaria immixta,225,168,402,193,146,147,160
PMas_22k,Lobaria immixta,225,168,402,193,146,147,160
PMas_18b,Lobaria immixta,244,174,402,197,136,133,147
PMas_18c,Lobaria immixta,244,168,402,197,136,121,127
PMas_18d,Lobaria immixta,229,155,402,195,138,144,160
PMas_18e,Lobaria immixta,248,165,402,199,136,130,147
PMas_18f,Lobaria immixta,248,170,402,202,136,130,160
PMas_18g,Lobaria immixta,231,162,402,195,136,137,150
PMas_18h,Lobaria immixta,229,155,402,195,138,144,160
PMas_18i,Lobaria immixta,237,161,402,197,136,147,157
PMas_18j,Lobaria immixta,231,162,402,195,136,137,150
PMas_18k,Lobaria immixta,229,155,402,195,138,144,160
PMas_18l,Lobaria immixta,231,162,402,195,136,137,150
PMas_12a,Lobaria immixta,233,162,402,195,136,147,150
PMas_12b,Lobaria immixta,233,162,402,195,136,147,150
PMas_12c,Lobaria immixta,233,162,402,195,136,147,150
PMas_12d,Lobaria immixta,233,162,402,195,136,147,150
PMas_12e,Lobaria immixta,250,165,402,197,138,124,147
PMas_12f,Lobaria immixta,248,170,402,197,136,133,143
PMas_12g,Lobaria immixta,227,170,402,195,136,147,160
PMas_12j,Lobaria immixta,227,170,402,195,136,147,160
PMas_12k,Lobaria immixta,227,170,402,195,136,147,160
PMas_10b,Lobaria immixta,223,168,402,195,146,130,160
PMas_10c,Lobaria immixta,244,172,402,197,136,133,140
PMas_10d,Lobaria immixta,223,168,402,195,146,130,160
PMas_10e,Lobaria immixta,244,172,402,197,138,137,141
PMas_10f,Lobaria immixta,244,172,402,197,136,133,140
PMas_10g,Lobaria immixta,237,172,402,201,136,133,147
PMas_10h,Lobaria immixta,237,172,402,201,136,133,147
PMas_10i,Lobaria immixta,244,170,402,199,136,133,147
PMas_10l,Lobaria immixta,237,172,402,201,136,133,147
PMas_10n,Lobaria immixta,223,168,402,195,146,130,160
PMas_10o,Lobaria immixta,237,172,402,201,136,133,147
PMas_05h,Lobaria macaronesia,248,162,402,199,136,137,160
PMas_05i,Lobaria macaronesia,248,162,402,199,136,137,160
PMas_05j,Lobaria macaronesia,229,162,402,193,136,147,143
PMas_05k,Lobaria macaronesia,246,178,402,199,136,130,147
PMas_05m,Lobaria macaronesia,248,162,402,199,136,137,160
PMas_05n,Lobaria macaronesia,246,178,402,199,136,130,147
PMas_06a,Lobaria macaronesia,246,178,402,199,136,130,147
PMas_06h,Lobaria macaronesia,246,178,402,199,136,130,147
PMas_27j,Lobaria macaronesia,256,172,402,197,136,133,143
PMas_07g,Lobaria macaronesia,237,165,402,193,138,147,150
PMas_07i,Lobaria macaronesia,237,165,402,193,138,147,150
PMas_07j,Lobaria macaronesia,227,167,402,195,136,147,170
PMas_07k,Lobaria macaronesia,227,167,402,195,136,147,170
PMas_07l,Lobaria macaronesia,227,167,402,195,136,147,170
PMas_08g,Lobaria macaronesia,227,167,402,195,136,147,170
PMas_08h,Lobaria macaronesia,227,161,402,199,136,147,147
PMas_08i,Lobaria macaronesia,227,161,402,199,136,147,147
PMas_08j,Lobaria macaronesia,240,165,402,197,134,147,157
PMas_05a,Lobaria macaronesia,229,162,402,193,136,147,143
PMas_07f,Lobaria macaronesia,227,167,402,195,136,147,170
PMas_27k,Lobaria macaronesia,231,165,402,195,136,147,150
12_BoxVova19,Lobaria macaronesia,227,150,402,195,146,154,160
13_BoxVova19,Lobaria macaronesia,227,150,402,195,146,147,160
14_BoxVova19,Lobaria macaronesia,248,162,404,195,136,140,147
PMas_22l,Lobaria macaronesia,248,162,404,195,136,140,147
PMas_22last,Lobaria macaronesia,227,150,402,195,146,151,160
PMas_18a,Lobaria macaronesia,240,162,402,197,136,147,154
PMas_18m,Lobaria macaronesia,227,150,402,195,146,154,160
PMas_18n,Lobaria macaronesia,227,150,402,195,146,154,160
PMas_18o,Lobaria macaronesia,227,150,402,195,146,154,160
PMas_18p,Lobaria macaronesia,227,150,402,195,146,154,160
PMas_18q,Lobaria macaronesia,227,150,402,195,146,154,160
PMas_18r,Lobaria macaronesia,227,150,402,195,146,154,160
PMas_18t,Lobaria macaronesia,254,170,402,191,136,130,147
PMas_12h,Lobaria macaronesia,248,170,402,197,136,133,143
PMas_10j,Lobaria macaronesia,244,158,402,199,136,133,150
PMas_10m,Lobaria macaronesia,244,158,402,199,136,133,150
PMas_10q,Lobaria macaronesia,244,158,402,199,136,133,150
PMas_01c,Lobaria macaronesia,227,150,402,197,146,151,157
PMas_01e,Lobaria macaronesia,229,162,402,197,148,130,160
PMas_01f,Lobaria macaronesia,244,162,402,199,138,133,147
PMas_01h,Lobaria macaronesia,242,176,402,199,136,133,147
PMas_01k,Lobaria macaronesia,227,150,402,197,146,151,157
PMas_07h,Lobaria pulmonaria,225,168,402,193,146,127,163
PMas_07m,Lobaria pulmonaria,225,168,402,193,146,127,163
PMas_07n,Lobaria pulmonaria,225,168,402,193,146,127,163
PMas_07o,Lobaria pulmonaria,225,168,402,193,146,127,163
PMas_08c,Lobaria pulmonaria,225,168,402,193,146,127,163
PMas_08d,Lobaria pulmonaria,225,168,402,193,146,127,163
PMas_08k,Lobaria pulmonaria,225,168,402,193,146,127,163
PMas_08l,Lobaria pulmonaria,225,168,402,193,146,127,163
PMas_27l,Lobaria pulmonaria,235,162,402,195,136,147,167
PMas_07e,Lobaria pulmonaria,225,168,402,193,146,127,163
PMas_18s,Lobaria pulmonaria,225,162,402,197,148,130,160
PMas_10a,Lobaria pulmonaria,219,162,402,191,136,140,150
PMas_10k,Lobaria pulmonaria,219,162,402,191,136,140,150
PMas_10p,Lobaria pulmonaria,219,162,402,191,136,140,150
PMas_10r,Lobaria pulmonaria,219,162,402,191,136,140,150
PMas_10s,Lobaria pulmonaria,219,162,402,191,136,140,150
PMas_01a,Lobaria pulmonaria,229,162,402,197,148,130,160
PMas_01b,Lobaria pulmonaria,231,162,402,197,148,130,160
PMas_01d,Lobaria pulmonaria,229,162,402,197,148,130,160
PMas_01g,Lobaria pulmonaria,229,162,402,197,148,130,160
PMas_01i,Lobaria pulmonaria,229,162,402,197,148,133,160
PMas_01j,Lobaria pulmonaria,229,162,402,197,148,130,160
PMas_01l,Lobaria pulmonaria,229,168,402,193,148,147,160
PMas_05p,Lobaria sublaevis,229,162,402,193,136,147,143
PMas_05q,Lobaria sublaevis,248,162,402,199,136,137,160
PMas_05r,Lobaria sublaevis,248,174,402,199,136,130,160
PMas_05s,Lobaria sublaevis,225,170,402,195,138,140,176
PMas_05t,Lobaria sublaevis,231,174,402,199,136,130,160
PMas_05u,Lobaria sublaevis,248,162,402,199,136,137,160
PMas_05v,Lobaria sublaevis,248,174,402,199,136,130,160
PMas_05w,Lobaria sublaevis,244,168,402,193,136,133,147
PMas_05x,Lobaria sublaevis,248,174,402,199,136,130,160
PMas_06i,Lobaria sublaevis,248,174,402,199,136,130,160
PMas_06j,Lobaria sublaevis,246,178,402,199,136,130,147
PMas_06k,Lobaria sublaevis,248,174,402,199,136,130,160
PMas_06l,Lobaria sublaevis,248,174,402,199,136,130,160
PMas_06m,Lobaria sublaevis,211,167,402,195,146,147,150
PMas_06n,Lobaria sublaevis,246,178,402,199,136,130,147
PMas_06o,Lobaria sublaevis,250,176,402,191,136,133,173
PMas_06p,Lobaria sublaevis,229,162,402,193,136,147,143
PMas_06q,Lobaria sublaevis,248,174,402,199,136,130,160
PMas_27m,Lobaria sublaevis,248,162,402,195,136,147,157
PMas_07q,Lobaria sublaevis,244,168,402,193,136,133,147
PMas_07r,Lobaria sublaevis,225,168,402,195,138,147,147
PMas_07s,Lobaria sublaevis,225,168,402,195,138,147,147
PMas_07t,Lobaria sublaevis,244,168,402,193,136,133,147
PMas_07u,Lobaria sublaevis,225,168,402,195,138,147,147
PMas_07v,Lobaria sublaevis,237,165,402,193,138,147,150
PMas_07w,Lobaria sublaevis,244,168,402,193,136,133,147
PMas_07x,Lobaria sublaevis,244,168,402,193,136,133,147
PMas_07y,Lobaria sublaevis,225,168,402,195,138,147,147
PMas_07z,Lobaria sublaevis,244,168,402,193,136,133,147
PMas_08m,Lobaria sublaevis,244,172,402,183,136,130,160
PMas_08n,Lobaria sublaevis,244,172,402,183,136,130,160
PMas_08o,Lobaria sublaevis,244,172,402,183,136,130,160
PMas_08p,Lobaria sublaevis,244,161,402,197,136,133,147
PMas_08q,Lobaria sublaevis,244,172,402,183,136,130,160
PMas_08r,Lobaria sublaevis,227,167,402,195,136,147,170
PMas_05o,Lobaria sublaevis,248,174,402,199,136,130,160
PMas_07p,Lobaria sublaevis,244,168,402,193,136,133,147
PMas_27n,Lobaria sublaevis,256,172,402,197,136,133,143
PMas_27o,Lobaria sublaevis,246,170,402,197,136,130,147
PMas_27p,Lobaria sublaevis,233,162,402,201,136,147,154
PMas_27q,Lobaria sublaevis,248,162,402,195,136,147,157
PMas_27r,Lobaria sublaevis,233,162,402,201,136,147,154
PMas_27s,Lobaria sublaevis,233,162,402,201,136,147,154
PMas_27t,Lobaria sublaevis,248,162,402,195,136,147,157
PMas_27u,Lobaria sublaevis,240,165,402,197,138,147,147
PMas_27v,Lobaria sublaevis,240,165,402,197,138,147,147
PMas_27w,Lobaria sublaevis,225,170,402,193,146,147,163
PMas_27x,Lobaria sublaevis,227,162,402,199,136,133,147
PMas_22q,Lobaria sublaevis,227,150,402,195,146,154,160
PMas_22r,Lobaria sublaevis,242,161,402,195,136,133,147
PMas_22s,Lobaria sublaevis,242,161,402,195,136,133,147
PMas_22t,Lobaria sublaevis,227,150,402,195,146,154,160
PMas_18aa,Lobaria sublaevis,248,172,402,197,136,130,147
PMas_18bb,Lobaria sublaevis,227,150,402,195,146,154,160
PMas_18cc,Lobaria sublaevis,227,150,402,195,146,154,160
PMas_18u,Lobaria sublaevis,248,172,402,197,136,130,147
PMas_18v,Lobaria sublaevis,248,172,402,197,136,130,147
PMas_18w,Lobaria sublaevis,240,162,402,197,136,147,154
PMas_18x,Lobaria sublaevis,248,172,402,197,136,130,147
PMas_18y,Lobaria sublaevis,248,172,402,197,136,130,147
PMas_18z,Lobaria sublaevis,229,170,402,195,136,157,154
PMas_12l,Lobaria sublaevis,237,165,402,195,138,144,160
PMas_12m,Lobaria sublaevis,237,165,402,195,136,144,160
PMas_12n,Lobaria sublaevis,237,165,402,195,136,144,160
PMas_12o,Lobaria sublaevis,223,162,402,193,146,147,160
PMas_12p,Lobaria sublaevis,237,162,402,195,136,140,143
PMas_12q,Lobaria sublaevis,235,165,402,195,136,144,160
PMas_12r,Lobaria sublaevis,237,165,402,195,136,144,160
PMas_10aa,Lobaria sublaevis,221,168,402,193,146,147,160
PMas_10bb,Lobaria sublaevis,223,168,402,195,146,130,160
PMas_10t,Lobaria sublaevis,244,158,402,199,136,133,150
PMas_10u,Lobaria sublaevis,229,155,402,195,138,151,150
PMas_10v,Lobaria sublaevis,244,158,402,199,136,133,150
PMas_10w,Lobaria sublaevis,244,158,402,199,136,133,150
PMas_10x,Lobaria sublaevis,225,172,402,197,148,147,176
PMas_10y,Lobaria sublaevis,221,168,402,193,146,147,160
PMas_10z,Lobaria sublaevis,221,168,402,193,146,147,160
PMas_01m,Lobaria sublaevis,229,162,402,197,148,130,160
PMas_01n,Lobaria sublaevis,229,162,402,197,148,130,160
PMas_01o,Lobaria sublaevis,229,155,402,195,138,144,160
PMas_01p,Lobaria sublaevis,229,155,402,195,138,144,160
PMas_01q,Lobaria sublaevis,229,162,402,197,148,130,160
PMas_01r,Lobaria sublaevis,229,162,402,197,148,130,160
PMas_01s,Lobaria sublaevis,242,176,402,199,136,133,147
PMas_01t,Lobaria sublaevis,229,162,402,197,148,130,160
PMas_06s,Lobaria virens,248,174,402,199,136,130,160
PMas_06t,Lobaria virens,248,174,402,199,136,130,160
PMas_06u,Lobaria virens,246,165,402,195,136,133,147
PMas_06v,Lobaria virens,246,165,402,195,136,133,147
PMas_27aa,Lobaria virens,233,162,402,201,136,147,154
PMas_07bb,Lobaria virens,225,168,402,195,138,147,147
PMas_07cc,Lobaria virens,225,168,402,195,138,147,147
PMas_08s,Lobaria virens,227,167,402,195,136,147,170
PMas_08t,Lobaria virens,227,167,402,195,136,147,170
PMas_08u,Lobaria virens,227,167,402,195,136,147,170
PMas_08v,Lobaria virens,227,167,402,195,136,147,170
PMas_06r,Lobaria virens,246,165,402,195,136,133,147
PMas_07aa,Lobaria virens,225,168,402,195,138,147,147
PMas_27y,Lobaria virens,233,162,402,201,136,147,154
PMas_27z,Lobaria virens,233,162,402,201,136,147,154
PMas_12s,Lobaria virens,235,165,402,195,136,144,160
PMas_12t,Lobaria virens,235,165,402,195,136,144,160
PMas_12u,Lobaria virens,235,165,402,195,136,144,160
PMas_12v,Lobaria virens,235,165,402,195,136,144,160
PMas_10cc,Lobaria virens,237,162,402,195,136,147,160
